scriptId,scriptName,scriptCoverUrl,scriptImageContent
553068101260925952,反骨,https://file.static.helloaba.cn/backend/platformSource/officialActivity/20250212/a6adcfc678cd4aa9a0c8992e1abada87.webp,https://file.static.helloaba.cn/backend/platformSource/script/20250212/bfbff508d3f3425c97effd784e0a914b.webp
552409425076410880,别在派对搞谋杀,https://file.static.helloaba.cn/backend/platformSource/officialActivity/20250208/b784fe072a254544ae85cb1360d4fbcc.webp,https://file.static.helloaba.cn/backend/platformSource/script/20250208/a52288097cf2473e8f4851596181de16.webp@https://file.static.helloaba.cn/backend/platformSource/officialActivity/20250211/d01bc8b32be34aefbe184061bc6d8388.webp@https://file.static.helloaba.cn/backend/platformSource/officialActivity/20250211/478d568278fd4096aa7715b2360a40b1.webp@https://file.static.helloaba.cn/backend/platformSource/officialActivity/20250211/90b0b4859d634062bfee9db055b4123d.webp@https://file.static.helloaba.cn/backend/platformSource/officialActivity/20250211/2938f139203e4121892074aca64893a5.webp
554308951672478720,如故,https://file.static.helloaba.cn/backend/platformSource/officialActivity/20250213/bc6e7f9eadc3465baf0a08ba80b544a4.webp,https://file.static.helloaba.cn/backend/platformSource/script/20250213/9279d40193364f8d8bf7059566aecde3.webp
551582613807159808,群英之战·复世,https://file.static.helloaba.cn/backend/platformSource/officialActivity/20250206/3b21ece73b70465982e91484d003a001.webp,https://file.static.helloaba.cn/backend/platformSource/script/20250206/4fd9802602f5432495a852e52614684b.webp
553200330419067904,青铜咒,https://file.static.helloaba.cn/backend/platformSource/officialActivity/20250213/0c4a95d121a74d078a8f01a96648d32b.webp,https://file.static.helloaba.cn/backend/platformSource/script/20250213/9e10cd1ecbea465d995a3f2365729082.webp
552408531723213312,因火成烟,https://file.static.helloaba.cn/backend/platformSource/officialActivity/20250208/9576b13841544ff49f02ead3c7ac2999.webp,https://file.static.helloaba.cn/backend/platformSource/script/20250208/b6fc9ed647fa422388818c26ae1a4266.webp
551597087846947328,江湖梦·凌云,https://file.static.helloaba.cn/backend/platformSource/officialActivity/20250210/e2188fd894eb41519d752f629772d51c.webp,https://file.static.helloaba.cn/backend/platformSource/script/20250210/5d6fdcb5f669403d94a4a51f2fc95ac5.webp@https://file.static.helloaba.cn/backend/platformSource/officialActivity/20250213/0ac8ddcc7de14dec948f18ea5a5f8764.webp@https://file.static.helloaba.cn/backend/platformSource/officialActivity/20250213/73520a4940ea4da9b23283e042f74bf3.webp@https://file.static.helloaba.cn/backend/platformSource/officialActivity/20250213/5fc1b9b314324a26a3822b15c739bf6a.webp@https://file.static.helloaba.cn/backend/platformSource/officialActivity/20250213/2ddc7051169b4b159a4bced0f269e9c9.webp@https://file.static.helloaba.cn/backend/platformSource/officialActivity/20250213/4b531ccb9131432cb1ba1640f47d12cf.webp@https://file.static.helloaba.cn/backend/platformSource/officialActivity/20250213/822c9fa2fac047d7a6600191d62475c3.webp
553067624519556096,杀意循环,https://file.static.helloaba.cn/backend/platformSource/officialActivity/20250210/e22327e9b2c34462b37468e116c5511b.webp,https://file.static.helloaba.cn/backend/platformSource/script/20250210/fe91a90815d24a54bd997baf5ef77c11.webp
555675146409597952,密室情侣生存指南,https://file.static.helloaba.cn/backend/platformSource/officialActivity/20250217/64c88791d1f54224aacb4b214ba4655c.webp,https://file.static.helloaba.cn/backend/platformSource/script/20250217/01e5a977d2e042e3987329ac4d6cc2d2.webp
553805955167542272,命藏町的白雪姬,https://file.static.helloaba.cn/backend/platformSource/officialActivity/20250212/499aeecc74374aae85abfe749077ed16.webp,https://file.static.helloaba.cn/backend/platformSource/script/20250212/3433960fa80243c78352634489783f5e.webp
554310051184106496,关于Y的奇迹,https://file.static.helloaba.cn/backend/platformSource/officialActivity/20250213/4192dd3f40d14b94939e73f6c64510ba.webp,https://file.static.helloaba.cn/backend/platformSource/script/20250213/101105c1936f466a8ff969f129fb31e6.webp
553066537892830208,柏林墙下的陌生人,https://file.static.helloaba.cn/backend/platformSource/officialActivity/20250210/7daa86c36a724e768b4a0ecce555a09f.webp,https://file.static.helloaba.cn/backend/platformSource/script/20250210/a37703ef5fca4b6ab38e8b52de86eb70.webp@https://file.static.helloaba.cn/backend/platformSource/officialActivity/20250221/218ab994a38d4c87954ed865b4edbce8.webp@https://file.static.helloaba.cn/backend/platformSource/officialActivity/20250221/d1a7ace0b2a0456d89bc3dc7ea040f8c.jpg@https://file.static.helloaba.cn/backend/platformSource/officialActivity/20250221/78f3f7e8dbd34b9292d3c64daf2eb9de.webp@https://file.static.helloaba.cn/backend/platformSource/officialActivity/20250221/bb0657dcb8d74128af6012523e3eb9ec.webp@https://file.static.helloaba.cn/backend/platformSource/officialActivity/20250221/33ecd76669eb405c83f9885a1f33a00a.webp@https://file.static.helloaba.cn/backend/platformSource/officialActivity/20250221/7920592021474b0d9f4d123366a33591.webp
552408054981843456,愚木混珠,https://file.static.helloaba.cn/backend/platformSource/officialActivity/20250208/6e7c4f6ad062411e9ec388f23b058614.webp,https://file.static.helloaba.cn/backend/platformSource/script/20250208/57a939ce65dd4433adef393219c109d6.webp
552409038529354240,狐尔小姐的盗窃推理,https://file.static.helloaba.cn/backend/platformSource/officialActivity/20250208/7dda80ec5b624d0099c2f917259361c0.webp,https://file.static.helloaba.cn/backend/platformSource/script/20250208/678ec1e5b93e4c2eb23ae59dc356952e.webp
553062650947427328,人生海,https://file.static.helloaba.cn/backend/platformSource/officialActivity/20250210/478eae6f9c8f4428ab0ef96750502fe4.webp,https://file.static.helloaba.cn/backend/platformSource/script/20250210/141507fc71064ff5b70ac1ca6e08d9a7.webp@https://file.static.helloaba.cn/backend/platformSource/officialActivity/20250225/2b0f4798e20e46a1a2c4e5fa7e207665.webp@https://file.static.helloaba.cn/backend/platformSource/officialActivity/20250225/23a596d68d624b6fb238e2ac5dcf701e.webp@https://file.static.helloaba.cn/backend/platformSource/officialActivity/20250225/a60810ab1f1e42b2afdc54331279adc3.webp@https://file.static.helloaba.cn/backend/platformSource/officialActivity/20250225/ad9be4e67a454ff88f2d164465bb4e6b.webp@https://file.static.helloaba.cn/backend/platformSource/officialActivity/20250225/1d9b475df40f4068b10e31447bac3366.webp@https://file.static.helloaba.cn/backend/platformSource/officialActivity/20250225/8e54489f97704c4a8cd6b852ca70162c.webp
553066980274461696,怪谈事务所·枯城,https://file.static.helloaba.cn/backend/platformSource/officialActivity/20250210/6f48395422904e7cbc080097f969a101.webp,https://file.static.helloaba.cn/backend/platformSource/script/20250210/4a04f6d377ba40b986f63e39e433820a.webp@https://file.static.helloaba.cn/backend/platformSource/script/20250213/cc4a863e81c34882895fa3674503e74f.webp
551586500752562688,逻辑尽头以梦为主,https://file.static.helloaba.cn/backend/platformSource/officialActivity/20250206/beccc405c78c46ab9c524fbce1c273f5.webp,https://file.static.helloaba.cn/backend/platformSource/script/20250206/5ab2485bccb5415a839999ed01a75a1e.webp
551949266575284736,业火封神,https://file.static.helloaba.cn/backend/platformSource/officialActivity/20250207/4264819a4c16405880cdeb63179aab51.webp,https://file.static.helloaba.cn/backend/platformSource/script/20250207/96fecc077ac346bc91cc0ac84991723e.webp@https://file.static.helloaba.cn/backend/platformSource/script/20250213/90d27339ab954b479d808ed609bcf9c8.webp@https://file.static.helloaba.cn/backend/platformSource/officialActivity/20250219/a50bb9f9a3fb4584b597fd918bbc7ac5.webp@https://file.static.helloaba.cn/backend/platformSource/officialActivity/20250219/4269582e2c4e46b7b52a0d6e7007996e.webp@https://file.static.helloaba.cn/backend/platformSource/officialActivity/20250219/e967f59001124891ae0d383e416f0009.webp@https://file.static.helloaba.cn/backend/platformSource/officialActivity/20250219/8c4a57007658499ebaafef537e2419c0.webp@https://file.static.helloaba.cn/backend/platformSource/officialActivity/20250219/199545eafdff4213a8fafba3055db058.webp@https://file.static.helloaba.cn/backend/platformSource/officialActivity/20250219/332ae1f7a31646d4b0be283fc7a14f15.webp
555674493574568960,供奉幽冥的晚宴,https://file.static.helloaba.cn/backend/platformSource/officialActivity/20250217/13e586f5644e4304a3af2fd2ed2971eb.webp,https://file.static.helloaba.cn/backend/platformSource/script/20250217/cdf8c542405d408994d9abb2ef26c53e.webp
553805435476499456,雪姑3：彼岸之家,https://file.static.helloaba.cn/backend/platformSource/officialActivity/20250212/3070432176124cc8b48ddd4e85905e6b.webp,https://file.static.helloaba.cn/backend/platformSource/script/20250212/16fc12750ee54b5bb38a42046da0af0a.webp
553432619430304768,沉默少女的温柔暴动,https://file.static.helloaba.cn/backend/platformSource/officialActivity/20250211/30b690a072914e63949d98ab009fb0be.webp,https://file.static.helloaba.cn/backend/platformSource/script/20250211/1c3964350f0640799ef5177a5a7ee2cd.webp@https://file.static.helloaba.cn/backend/platformSource/officialActivity/20250217/8d35315552934512b39dcc4565519c3f.webp@https://file.static.helloaba.cn/backend/platformSource/officialActivity/20250217/a734cf8521b9455f8663fc9f37a32676.webp@https://file.static.helloaba.cn/backend/platformSource/officialActivity/20250217/02a576bf91334e3fb0fb9f50b06d6b38.webp@https://file.static.helloaba.cn/backend/platformSource/officialActivity/20250217/ee1fce005b844356b2d3f1caf582b40f.webp@https://file.static.helloaba.cn/backend/platformSource/officialActivity/20250217/6f37d69c3fe64abeb1a14a5c055589ff.webp@https://file.static.helloaba.cn/backend/platformSource/officialActivity/20250217/438fc21425154175936bfb952d0fe6a4.webp
554180729718823936,昆仑仙踪,https://file.static.helloaba.cn/backend/platformSource/officialActivity/20250214/1602576552264386873ebd437128975f.webp,https://file.static.helloaba.cn/backend/platformSource/script/20250214/4e3392b182dc424aa8dcc48c193a2cfe.webp
554648507491933184,夕鸣岛诡计悬案,https://file.static.helloaba.cn/backend/platformSource/officialActivity/20250214/89c55d825cbe4e76afc54ecb0dab617c.webp,https://file.static.helloaba.cn/backend/platformSource/script/20250214/fe4563f57ce04e7ab78d77b7c972b83e.webp
553070016816339968,来时路,https://file.static.helloaba.cn/backend/platformSource/officialActivity/20250210/99aea2fb4e074ac5bbce4b5bbb5ba19e.webp,https://file.static.helloaba.cn/backend/platformSource/script/20250210/a258a07f1829417990aa4d37b8ee5c4a.webp
553891863103396864,薛定谔的魔王,https://file.static.helloaba.cn/backend/platformSource/officialActivity/20250226/7e57baaea5754a87b6c8d05b23047e39.webp,https://file.static.helloaba.cn/backend/platformSource/script/20250226/4674f11ea3f845a28e3e7963e177e539.webp
551578834235939328,一个叫小野清的武士决定去死,https://file.static.helloaba.cn/backend/platformSource/officialActivity/20250207/027e2aa511d34c5e9cebc5720e807f9f.webp,https://file.static.helloaba.cn/backend/platformSource/script/20250207/2d5c3e2b8a9b44ea95e5f6914ae0a469.webp
551583610239572480,银羽三国·诸侯篇,https://file.static.helloaba.cn/backend/platformSource/officialActivity/20250206/e693e4ba1a9a4798bd76eb109ac8de4b.webp,https://file.static.helloaba.cn/backend/platformSource/script/20250206/87cebf936e67480a80e433d9b1fae84d.webp
551584748405905920,上海滩,https://file.static.helloaba.cn/backend/platformSource/officialActivity/20250206/4f2fb061298f4c9d8a0355be4be0eaa7.webp,https://file.static.helloaba.cn/backend/platformSource/script/20250206/ad9067ac388640e690807fecb0b3da69.webp@https://file.static.helloaba.cn/backend/platformSource/officialActivity/20250206/3a39263e4284455595fbc2096287d9e4.webp@https://file.static.helloaba.cn/backend/platformSource/officialActivity/20250206/cebfc3cd95ba4af3af8ac74bff380474.webp@https://file.static.helloaba.cn/backend/platformSource/officialActivity/20250206/25739e65ebb8473a9b63e79df0e49701.webp@https://file.static.helloaba.cn/backend/platformSource/officialActivity/20250206/0b70d3902a984a86adbafc3cae39f12b.webp@https://file.static.helloaba.cn/backend/platformSource/officialActivity/20250206/88540890506947d3b970fe661ef84c15.webp@https://file.static.helloaba.cn/backend/platformSource/officialActivity/20250206/acca684b35bc474c90168b5b7f360b89.webp
558709966005984256,废墟中的侦探少女,https://file.static.helloaba.cn/backend/platformSource/officialActivity/20250225/6e3e16a581ac4e69a4fff4d1f4e4f000.webp,https://file.static.helloaba.cn/backend/platformSource/script/20250225/0030ade8006d49ff8e87247e171e7db3.webp
553070484967775232,赴梨落，待雪归,https://file.static.helloaba.cn/backend/platformSource/officialActivity/20250210/026fc5f50c7b4d1db8991d719597eb23.webp,https://file.static.helloaba.cn/backend/platformSource/script/20250210/3e3c17ad43424d858e3e75e2eacec47c.webp
551581501410630144,极道！千恋万誓,https://file.static.helloaba.cn/backend/platformSource/officialActivity/20250206/0dfea38eccc7483a85f7a2bcea301fc7.webp,https://file.static.helloaba.cn/backend/platformSource/script/20250206/95cb6fe3700b4c619f7c992273f0bc8b.webp@https://file.static.helloaba.cn/backend/platformSource/officialActivity/20250206/c050f0453ec14073bb436e670d406509.webp@https://file.static.helloaba.cn/backend/platformSource/officialActivity/20250206/f54cdac6881f4e99b74b4e5d729d7d2c.webp@https://file.static.helloaba.cn/backend/platformSource/officialActivity/20250206/3d1654481266459180bf55e2ffd9b3f9.webp@https://file.static.helloaba.cn/backend/platformSource/officialActivity/20250206/f8b37c6ce6c448ceb77c9816d0cf52c4.webp@https://file.static.helloaba.cn/backend/platformSource/officialActivity/20250206/b51244c0bab14955b68644ca0be97171.webp@https://file.static.helloaba.cn/backend/platformSource/officialActivity/20250206/23855beb7a774e96b326c34ac349d7d3.webp
554647777347492864,中国妖怪·百花,https://file.static.helloaba.cn/backend/platformSource/officialActivity/20250214/c125d0abd8064d7080649c7e1e1aacfb.webp,https://file.static.helloaba.cn/backend/platformSource/script/20250214/2aea3887037c49f3b41a97af3e16d4ea.webp
551953643146959360,烽云诀·江湖,https://file.static.helloaba.cn/backend/platformSource/officialActivity/20250207/61801e2071144a5596ae74b9e6984527.webp,https://file.static.helloaba.cn/backend/platformSource/script/20250207/a036942a73134196895051901c9692a5.webp@https://file.static.helloaba.cn/backend/platformSource/officialActivity/20250207/5cee4ad58f5c4939a784a0caae32cf8d.webp@https://file.static.helloaba.cn/backend/platformSource/officialActivity/20250207/b1dbef757d984153bda137009c929717.webp@https://file.static.helloaba.cn/backend/platformSource/officialActivity/20250207/12e2532001b14ac88414be2dc8b4c016.webp@https://file.static.helloaba.cn/backend/platformSource/officialActivity/20250207/22f01a3e3e1b470fabbe96d24177161b.webp@https://file.static.helloaba.cn/backend/platformSource/officialActivity/20250207/ef2a8e07cdf54664bd7fe9f01d6e1cbb.webp@https://file.static.helloaba.cn/backend/platformSource/officialActivity/20250207/7890455eca6a4f33803c1020ebdf4c4b.webp@https://file.static.helloaba.cn/backend/platformSource/officialActivity/20250207/a8bd5da8022a4fc0975341d4203b5e53.webp@https://file.static.helloaba.cn/backend/platformSource/officialActivity/20250207/923d6c02c9ad44f6b29dc94ff511cb86.webp
554181184985357312,当挚友成为谋杀最优解,https://file.static.helloaba.cn/backend/platformSource/officialActivity/20250213/b9471a848cb0415faa08242d4377427b.webp,https://file.static.helloaba.cn/backend/platformSource/script/20250213/8279c1522ee8435dbffee364c7b1a3c0.webp
554648120944876544,中国妖怪·蜚,https://file.static.helloaba.cn/backend/platformSource/officialActivity/20250214/5e99d475ce4248b6a1304bd23272b076.webp,https://file.static.helloaba.cn/backend/platformSource/script/20250214/83939c439f1b426f8201d5204e3473bf.webp
553069419815885824,妖纪元:终焉之城,https://file.static.helloaba.cn/backend/platformSource/officialActivity/20250210/e41b6003a46744aa95baca50c816c2f1.webp,https://file.static.helloaba.cn/backend/platformSource/script/20250210/de1b6bd5a6ec413896e8d1590646746b.webp@https://file.static.helloaba.cn/backend/platformSource/officialActivity/20250210/9683ce2e2e384f10b491b2e6e371ffe6.webp@https://file.static.helloaba.cn/backend/platformSource/officialActivity/20250210/dc992d5cec594c11af647d1f4f631103.webp@https://file.static.helloaba.cn/backend/platformSource/officialActivity/20250210/2c9fd88d41e7472c8cf991f417b9a15f.webp@https://file.static.helloaba.cn/backend/platformSource/officialActivity/20250210/14661bbaacea40798a341465da343984.webp@https://file.static.helloaba.cn/backend/platformSource/officialActivity/20250210/8239f8123daf4cf4a341636cdefa6f18.webp@https://file.static.helloaba.cn/backend/platformSource/officialActivity/20250210/1d0a28bdc9c546728ce00fa8fc4792f7.webp
555673484257254400,绛阙歌,https://file.static.helloaba.cn/backend/platformSource/officialActivity/20250217/ab18bb0e91b440bb84d78f1cc01b194f.webp,https://file.static.helloaba.cn/backend/platformSource/script/20250217/9bbd163371c843f3b38b234e4f702efd.webp
558624294293330944,极寒九十九,https://file.static.helloaba.cn/backend/platformSource/officialActivity/20250225/0f824afed36b4774bf2493102784cefb.webp,https://file.static.helloaba.cn/backend/platformSource/script/20250225/212c70a2c9724f62b4d3652c7c48b5ec.webp
556098058954333184,刘畅的推理,https://file.static.helloaba.cn/backend/platformSource/officialActivity/20250218/9375511a90be418798c5922dbfb7178e.webp,https://file.static.helloaba.cn/backend/platformSource/script/20250218/478ba228cff647868a153c9ad6e63ddb.webp
553200820045339648,廿载烟尘路,https://file.static.helloaba.cn/backend/platformSource/officialActivity/20250210/18ffedf28aa64e86978efece446475cd.webp,https://file.static.helloaba.cn/backend/platformSource/script/20250210/256c60771bdb442d9c5e0c7a602b3942.webp
553806603707603968,窃玉,https://file.static.helloaba.cn/backend/platformSource/officialActivity/20250227/846804a1b6ae49eb896fd3a01fb01e8d.webp,https://file.static.helloaba.cn/backend/platformSource/script/20250227/5617a0f121d84a55bd8c90d31265fa7d.webp
559003003034655744,默山,https://file.static.helloaba.cn/backend/platformSource/officialActivity/20250226/b840b40beee24bee891e8fa48ccb7a59.webp,https://file.static.helloaba.cn/backend/platformSource/script/20250226/da1a000ea1434b379b2984f6a4c0785d.webp
559140549362310144,海雀,https://file.static.helloaba.cn/backend/platformSource/officialActivity/20250226/638255a357684c3db1f7ac84a603e8bb.webp,https://file.static.helloaba.cn/backend/platformSource/script/20250226/32d613256e5c4b3b90d0b9d378ebba88.webp
558271875046824960,阴阳劫：冥媒正娶,https://file.static.helloaba.cn/backend/platformSource/officialActivity/20250224/945c4230eab04147b4d835fd0f176ba6.webp,https://file.static.helloaba.cn/backend/platformSource/script/20250224/cf4a06ff0619448aa98fbd69da504f87.webp
557150828453026816,榆光2：再次许愿,https://file.static.helloaba.cn/backend/platformSource/officialActivity/20250221/b2c424a7b5484e508a6cce9390023821.webp,https://file.static.helloaba.cn/backend/platformSource/script/20250221/bcb7664658964dccb89ef861162a1c3e.webp@https://file.static.helloaba.cn/backend/platformSource/officialActivity/20250221/859c1758990c4061a1467b98913827e1.webp@https://file.static.helloaba.cn/backend/platformSource/officialActivity/20250221/98f2def262184f5ca4c893f43a3e72f3.webp@https://file.static.helloaba.cn/backend/platformSource/officialActivity/20250221/4309727137ff41be886530d052435702.webp@https://file.static.helloaba.cn/backend/platformSource/officialActivity/20250221/f2bc8db6912741d29f04f4371361be18.webp@https://file.static.helloaba.cn/backend/platformSource/officialActivity/20250221/cd58c465918e468da8b93a63362e9078.webp@https://file.static.helloaba.cn/backend/platformSource/officialActivity/20250221/a05ddfafde0246dfbe8515591c5e0966.webp
551578314544896512,晶晶,https://file.static.helloaba.cn/backend/platformSource/officialActivity/20250206/fead62f6172041caad583a3cb265ba43.webp,https://file.static.helloaba.cn/backend/platformSource/script/20250206/5685ada9b03649cdb67bdcadcb888f6b.webp
554314148582906880,暗光第二部：幽微的真相,https://file.static.helloaba.cn/backend/platformSource/officialActivity/20250213/0c1666b3badf4c2db39ad5ce5647dfee.webp,https://file.static.helloaba.cn/backend/platformSource/script/20250213/e910fc7dd1404cb5b9f5eb208bc2bcb7.webp
556172907349400576,于青山下长眠,https://file.static.helloaba.cn/backend/platformSource/officialActivity/20250218/52f4851fbfad48a7ae12b1c91ab490c3.webp,https://file.static.helloaba.cn/backend/platformSource/script/20250218/0956771a5405400989c8c1c1ef9a0db5.webp
554309617392409600,【镜土】702局·谁动了我的token,https://file.static.helloaba.cn/backend/platformSource/officialActivity/20250213/695d214e6c1742adaf673fad564b6c09.webp,https://file.static.helloaba.cn/backend/platformSource/script/20250213/232c89050a264b04a8676e6d4a0c1b24.webp
551577434076600832,梦渊·玉面虺：古陵疑云,https://file.static.helloaba.cn/backend/platformSource/officialActivity/20250206/c81584a4dca34721bb7d82c47877e9f2.webp,https://file.static.helloaba.cn/backend/platformSource/script/20250206/f655b43221ba47d0803407c1f70f4c78.webp
127921138442605056,寸心,https://file.static.helloaba.cn/backend/platformSource/scriptRecommendTag/20211222/4e8a44e6f72548b29363c8ccd9dfd391.jpg,https://file.static.helloaba.cn/backend/platformSource/scriptRecommendTag/20211222/ec7b9dbf16214d54b2a8dfe5d89e88dd.jpg
86691767388181504,屠灵,https://magic-voicetrans.oss-cn-shenzhen.aliyuncs.com/backend/platformSource/scriptRecommendTag/20210902/64239286bc2f49759a3e454c3b29b393.jpg,https://magic-voicetrans.oss-cn-shenzhen.aliyuncs.com/backend/platformSource/scriptRecommendTag/20210902/0332d1ee8c4e42679d44bfca1d751380.jpg@https://file.static.helloaba.cn/backend/platformSource/scriptRecommendTag/20211129/24c439a80d20496d8150c9ff3d2c6668.jpg@https://file.static.helloaba.cn/backend/platformSource/scriptRole/20211129/6aa2bf76773349b3ab70c25b28f7749c.jpg@https://file.static.helloaba.cn/backend/platformSource/scriptRole/20211129/3156fd97d36e4b11ad8e84d7be90da64.jpg@https://file.static.helloaba.cn/backend/platformSource/scriptRole/20211129/4c63cad70a6548f19ecea2779e0c047b.jpg@https://file.static.helloaba.cn/backend/platformSource/scriptRole/20211129/84b1568e152140739ccc201eb7f61583.jpg@https://file.static.helloaba.cn/backend/platformSource/scriptRole/20211129/e6e204f1d89e4832b869c62998243f9d.jpg@https://file.static.helloaba.cn/backend/platformSource/scriptRole/20211129/dd9d0df7142e452b8554fea8f53e2169.jpg@https://file.static.helloaba.cn/backend/platformSource/scriptRole/20211129/0da4336d25104b92994a6dbaa2e99022.jpg
